<?xml version="1.0" encoding="UTF-8"?>
<project-private xmlns="http://www.netbeans.org/ns/project-private/1">
    <editor-bookmarks xmlns="http://www.netbeans.org/ns/editor-bookmarks/2" lastBookmarkId="0"/>
    <open-files xmlns="http://www.netbeans.org/ns/projectui-open-files/2">
        <group>
            <file>file:/C:/Users/Keith%20Levi/Documents/NetBeansProjects/2016WaaMay/webstore0.9jsfJPA/src/java/repository/impl/JpaProductRepository.java</file>
            <file>file:/C:/Users/Keith%20Levi/Documents/NetBeansProjects/2016WaaMay/webstore0.9jsfJPA/web/login.xhtml</file>
            <file>file:/C:/Users/Keith%20Levi/Documents/NetBeansProjects/2016WaaMay/webstore0.9jsfJPA/src/java/repository/ProductRepository.java</file>
            <file>file:/C:/Users/Keith%20Levi/Documents/NetBeansProjects/2016WaaMay/webstore0.9jsfJPA/web/product.xhtml</file>
            <file>file:/C:/Users/Keith%20Levi/Documents/NetBeansProjects/2016WaaMay/webstore0.9jsfJPA/src/java/service/ProductService.java</file>
            <file>file:/C:/Users/Keith%20Levi/Documents/NetBeansProjects/2016WaaMay/webstore0.9jsfJPA/src/java/controller/ProductController.java</file>
            <file>file:/C:/Users/Keith%20Levi/Documents/NetBeansProjects/2016WaaMay/webstore0.9jsfJPA/web/welcome.xhtml</file>
            <file>file:/C:/Users/Keith%20Levi/Documents/NetBeansProjects/2016WaaMay/webstore0.9jsfJPA/web/products.xhtml</file>
            <file>file:/C:/Users/Keith%20Levi/Documents/NetBeansProjects/2016WaaMay/webstore0.9jsfJPA/src/java/repository/impl/ProductEntityFacade.java</file>
            <file>file:/C:/Users/Keith%20Levi/Documents/NetBeansProjects/2016WaaMay/webstore0.9jsfJPA/src/java/service/UserService.java</file>
            <file>file:/C:/Users/Keith%20Levi/Documents/NetBeansProjects/2016WaaMay/webstore0.9jsfJPA/src/java/service/impl/UserServiceImpl.java</file>
            <file>file:/C:/Users/Keith%20Levi/Documents/NetBeansProjects/2016WaaMay/webstore0.9jsfJPA/src/java/service/impl/ProductServiceImpl.java</file>
            <file>file:/C:/Users/Keith%20Levi/Documents/NetBeansProjects/2016WaaMay/webstore0.9jsfJPA/web/index.xhtml</file>
            <file>file:/C:/Users/Keith%20Levi/Documents/NetBeansProjects/2016WaaMay/webstore0.9jsfJPA/src/java/controller/UserController.java</file>
        </group>
    </open-files>
</project-private>
